from 20200130-500KHABSM-4p78125mgml (Second Difference),,,,,,,,,,,,,,,from 20200130-500KHABSM-6p750mgml (Second Difference),,,,,,,,,,,,,,,from 20200130-500KHABSM-5p625mgml (Second Difference),,,,,,,,,,,,,,,from 20200130-500KHABSM-4p064mgml (Second Difference),,,,,,,,,,,,,,,from 20200130-500KHABSM-3p450mgml (Second Difference),,,,,,,,,,,,,
,,,,,,,,,,,,,,,,,,,,,,,,,,,,,,,,,,,,,,,,,,,,,,,,,,,,,,,,,,,,,,,,,,,,,,,,,
conc (um),9.5625,time(s),0.25,irrad (t/f),TRUE,,,,,,,,,,conc (um),13.5,time(s),0.25,irrad (t/f),TRUE,,,,,,,,,,conc (um),11.25,time(s),0.25,irrad (t/f),TRUE,,,,,,,,,,conc (um),8.128,time(s),0.25,irrad (t/f),TRUE,,,,,,,,,,conc (um),6.9,time(s),0.25,irrad (t/f),TRUE,,,,,,,,
,ppm,Intensity,Width,Area,Type,Flags,Impurity/Compound,Annotation,,,Range,Normalized,Absolute,,,ppm,Intensity,Width,Area,Type,Flags,Impurity/Compound,Annotation,,,Range,Normalized,Absolute,,,ppm,Intensity,Width,Area,Type,Flags,Impurity/Compound,Annotation,,,Range,Normalized,Absolute,,,ppm,Intensity,Width,Area,Type,Flags,Impurity/Compound,Annotation,,,Range,Normalized,Absolute,,,ppm,Intensity,Width,Area,Type,Flags,Impurity/Compound,Annotation,,,Range,Normalized,Absolute
1,4.21,2.11,26.94,1020.35,Compound,None,,,,1,4.3199 .. 4.1667,2.96,1021.3474,,1,4.21,2.7369,26.9,1321.76,Compound,None,,,,1,4.3199 .. 4.1667,2.92,1380.62,,1,4.2,2.2612,34.82,1413.53,Compound,None,,,,1,4.3199 .. 4.1667,2.63,1094.346,,1,4.21,1.8521,27.86,926.21,Compound,None,,,,1,4.3199 .. 4.1667,3.07,907.5306,,1,4.21,1.6567,27.29,811.66,Compound,None,,,,1,4.3199 .. 4.1667,3.08,810.445
2,4.13,1.9123,23.86,819.22,Compound,None,,,,2,4.1667 .. 4.0025,2.65,914.0484,,2,4.13,2.5246,18.64,844.67,Compound,None,,,,2,4.1667 .. 4.0025,2.56,1209.7566,,2,4.13,2.046,23.9,877.93,Compound,None,,,,2,4.1667 .. 4.0025,2.15,894.2311,,2,4.14,1.6315,13.74,402.35,Compound,None,,,,2,4.1667 .. 4.0025,2.71,802.6852,,2,4.12,1.4989,24.04,646.97,Compound,None,,,,2,4.1667 .. 4.0025,2.86,754.4201
3,3.51,9.5708,9525.91,1636814.9,Compound,None,,,,3,3.5985 .. 3.4369,11.55,3984.7738,,3,3.51,12.1539,27.52,6004.48,Compound,None,,,,3,3.5985 .. 3.4369,10.97,5194.5308,,3,3.51,10.7614,27.18,5250.79,Compound,None,,,,3,3.5985 .. 3.4369,10.74,4460.1445,,3,3.51,8.4379,27.1,4105.62,Compound,None,,,,3,3.5985 .. 3.4369,11.7,3464.0175,,3,3.51,7.5251,27.08,3658.27,Compound,None,,,,3,3.5985 .. 3.4369,11.97,3153.6661
4,3.19,11.4251,27.85,5711.8,Compound,None,,,,4,3.2205 .. 3.1641,9.71,3350.9383,,4,3.19,14.384,29.5,7617.53,Compound,None,,,,4,3.2205 .. 3.1641,9.11,4313.4935,,4,3.19,12.7395,28.06,6418.96,Compound,None,,,,4,3.2205 .. 3.1641,9.07,3766.2013,,4,3.19,10.1169,27.1,4923.02,Compound,None,,,,4,3.2205 .. 3.1641,9.95,2945.6458,,4,3.19,8.9992,26.7,4313.24,Compound,None,,,,4,3.2205 .. 3.1641,9.89,2606.0007
5,3.01,5.0383,34.09,3083.2,Compound,None,,,,5,3.0701 .. 2.9498,6.93,2391.0026,,5,3.01,6.2475,33,3701.49,Compound,None,,,,5,3.0701 .. 2.9498,6.33,2996.5579,,5,3.01,5.5158,32.13,3182.05,Compound,None,,,,5,3.0701 .. 2.9498,6.17,2564.5736,,5,3.01,4.4961,32.29,2606.15,Compound,None,,,,5,3.0701 .. 2.9498,7.1,2100.5498,,5,3.01,4.034,32.13,2326.75,Compound,None,,,,5,3.0701 .. 2.9498,7.11,1873.9867
6,1.69,56.5905,4.29,4357.79,Compound,None,,,,6,1.7148 .. 1.6698,12.18,4202.0728,,6,1.69,71.3324,4.61,5902.3,Compound,None,,,,6,1.7148 .. 1.6698,12.11,5731.4832,,6,1.69,64.5724,4.48,5190.59,Compound,None,,,,6,1.7148 .. 1.6698,12.26,5091.9569,,6,1.69,50.1814,4.24,3824.13,Compound,None,,,,6,1.7148 .. 1.6698,12.45,3686.7752,,6,1.69,44.4084,4.14,3301.25,Compound,None,,,,6,1.7148 .. 1.6698,12.1,3189.6135
7,0.84,12.2381,19.32,4245.34,Compound,None,,,,7,0.8491 .. 0.8417,1.01,350.1272,,7,0.85,16.1551,2.18,633.19,Compound,None,,,,7,0.8491 .. 0.8417,1,473.5884,,7,0.84,14.1424,2.07,526.27,Compound,None,,,,7,0.8491 .. 0.8417,0.98,408.8885,,7,0.84,10.595,51.52,9799.5,Compound,None,,,,7,0.8491 .. 0.8417,1.02,301.9139,,7,0.84,9.1145,15.47,2531.98,Compound,None,,,,7,0.8491 .. 0.8417,0.99,260.2731
conc (um),9.5625,time(s),0.25,irrad (t/f),FALSE,,,,,,,,,,conc (um),13.5,time(s),0.25,irrad (t/f),FALSE,,,,,,,,,,conc (um),11.25,time(s),0.25,irrad (t/f),FALSE,,,,,,,,,,conc (um),8.128,time(s),0.25,irrad (t/f),FALSE,,,,,,,,,,conc (um),6.9,time(s),0.25,irrad (t/f),FALSE,,,,,,,,
,ppm,Intensity,Width,Area,Type,Flags,Impurity/Compound,Annotation,,,Range,Normalized,Absolute,,,ppm,Intensity,Width,Area,Type,Flags,Impurity/Compound,Annotation,,,Range,Normalized,Absolute,,,ppm,Intensity,Width,Area,Type,Flags,Impurity/Compound,Annotation,,,Range,Normalized,Absolute,,,ppm,Intensity,Width,Area,Type,Flags,Impurity/Compound,Annotation,,,Range,Normalized,Absolute,,,ppm,Intensity,Width,Area,Type,Flags,Impurity/Compound,Annotation,,,Range,Normalized,Absolute
1,4.21,2.1868,1.66,65.27,Compound,None,,,,1,4.3199 .. 4.1667,2.96,1050.6938,,1,4.21,2.9571,27.83,1477.68,Compound,None,,,,1,4.3199 .. 4.1667,3,1554.1093,,1,4.2,2.3932,18.2,781.91,Compound,None,,,,1,4.3199 .. 4.1667,2.67,1177.4666,,1,4.21,1.9356,27.3,948.87,Compound,None,,,,1,4.3199 .. 4.1667,3,933.8514,,1,4.21,1.7332,26.22,815.89,Compound,None,,,,1,4.3199 .. 4.1667,3.04,841.1127
2,4.13,1.977,23.85,846.58,Compound,None,,,,2,4.1667 .. 4.0025,2.61,926.3425,,2,4.13,2.6826,2.19,105.34,Compound,None,,,,2,4.1667 .. 4.0025,2.68,1386.9348,,2,4.13,2.1554,26.89,1040.48,Compound,None,,,,2,4.1667 .. 4.0025,2.2,966.8096,,2,4.13,1.7344,12.69,395.04,Compound,None,,,,2,4.1667 .. 4.0025,2.64,820.9333,,2,4.12,1.5716,23.03,649.9,Compound,None,,,,2,4.1667 .. 4.0025,2.78,767.2302
3,3.51,10.265,27.24,5019.24,Compound,None,,,,3,3.5985 .. 3.4369,12.03,4266.3381,,3,3.51,13.2219,27.75,6587.11,Compound,None,,,,3,3.5985 .. 3.4369,11.14,5763.8283,,3,3.51,11.5966,27.24,5672.08,Compound,None,,,,3,3.5985 .. 3.4369,10.96,4823.6149,,3,3.51,9.0468,27.16,4411.16,Compound,None,,,,3,3.5985 .. 3.4369,11.88,3698.9991,,3,3.51,8.0324,27.08,3905,Compound,None,,,,3,3.5985 .. 3.4369,12.14,3352.6366
4,3.19,12.2973,27.94,6169.29,Compound,None,,,,4,3.2205 .. 3.1641,10.19,3612.3573,,4,3.19,15.6023,30,8403.44,Compound,None,,,,4,3.2205 .. 3.1641,9.1,4707.8377,,4,3.19,13.7687,28.37,7013.91,Compound,None,,,,4,3.2205 .. 3.1641,9.27,4079.5691,,4,3.19,10.888,27.23,5323.06,Compound,None,,,,4,3.2205 .. 3.1641,10.19,3173.1316,,4,3.19,9.6711,26.72,4639.14,Compound,None,,,,4,3.2205 .. 3.1641,10.15,2802.8544
5,3.01,5.3616,31.56,3037.93,Compound,None,,,,5,3.0701 .. 2.9498,7.18,2544.6931,,5,3.01,6.5913,33.56,3971.6,Compound,None,,,,5,3.0701 .. 2.9498,6.16,3188.4136,,5,3.01,5.8253,32.92,3442.64,Compound,None,,,,5,3.0701 .. 2.9498,6.26,2755.4658,,5,3.01,4.7768,32.77,2810.07,Compound,None,,,,5,3.0701 .. 2.9498,7.22,2247.5255,,5,3.01,4.2877,32.39,2493.11,Compound,None,,,,5,3.0701 .. 2.9498,7.25,2002.2831
6,1.69,61.3967,4.32,4764.16,Compound,None,,,,6,1.7148 .. 1.6698,13.02,4617.6953,,6,1.69,76.7857,4.65,6413.21,Compound,None,,,,6,1.7148 .. 1.6698,11.97,6191.586,,6,1.69,70.1142,4.52,5687.75,Compound,None,,,,6,1.7148 .. 1.6698,12.7,5589.8083,,6,1.69,54.5494,4.29,4205.99,Compound,None,,,,6,1.7148 .. 1.6698,13.09,4076.0575,,6,1.69,48.0782,4.18,3605.84,Compound,None,,,,6,1.7148 .. 1.6698,12.68,3503.4155
7,0.84,12.9328,1.94,451.5,Compound,None,,,,7,0.8491 .. 0.8417,1.01,359.7894,,7,0.85,16.939,2.11,642.49,Compound,None,,,,7,0.8491 .. 0.8417,0.94,486.8323,,7,0.84,14.9063,1.97,527.88,Compound,None,,,,7,0.8491 .. 0.8417,0.95,420.0422,,7,0.84,11.1006,1.97,393.54,Compound,None,,,,7,0.8491 .. 0.8417,0.99,308.1122,,7,0.84,9.5584,1.95,334.52,Compound,None,,,,7,0.8491 .. 0.8417,0.97,266.7461
conc (um),9.5625,time(s),0.5,irrad (t/f),TRUE,,,,,,,,,,conc (um),13.5,time(s),0.5,irrad (t/f),TRUE,,,,,,,,,,conc (um),11.25,time(s),0.5,irrad (t/f),TRUE,,,,,,,,,,conc (um),8.128,time(s),0.5,irrad (t/f),TRUE,,,,,,,,,,conc (um),6.9,time(s),0.5,irrad (t/f),TRUE,,,,,,,,
,ppm,Intensity,Width,Area,Type,Flags,Impurity/Compound,Annotation,,,Range,Normalized,Absolute,,,ppm,Intensity,Width,Area,Type,Flags,Impurity/Compound,Annotation,,,Range,Normalized,Absolute,,,ppm,Intensity,Width,Area,Type,Flags,Impurity/Compound,Annotation,,,Range,Normalized,Absolute,,,ppm,Intensity,Width,Area,Type,Flags,Impurity/Compound,Annotation,,,Range,Normalized,Absolute,,,ppm,Intensity,Width,Area,Type,Flags,Impurity/Compound,Annotation,,,Range,Normalized,Absolute
1,4.21,1.9955,1.75,62.69,Compound,None,,,,1,4.3199 .. 4.1667,2.12,951.7702,,1,4.21,2.6413,26.21,1243.05,Compound,None,,,,1,4.3199 .. 4.1667,2.23,1318.0643,,1,4.2,2.3116,18.2,755.25,Compound,None,,,,1,4.3199 .. 4.1667,2.92,1186.2577,,1,4.21,1.7573,1.92,60.73,Compound,None,,,,1,4.3199 .. 4.1667,2.1,825.3765,,1,4.21,1.5805,25.42,721.39,Compound,None,,,,1,4.3199 .. 4.1667,2.96,752.9594
2,4.13,1.8134,23.32,759.32,Compound,None,,,,2,4.1667 .. 4.0025,1.9,854.2622,,2,4.13,2.4323,18.37,802.33,Compound,None,,,,2,4.1667 .. 4.0025,1.96,1163.4431,,2,4.13,2.1138,27.23,1033.32,Compound,None,,,,2,4.1667 .. 4.0025,2.57,1043.5576,,2,4.13,1.5831,15.31,435.17,Compound,None,,,,2,4.1667 .. 4.0025,1.88,739.9241,,2,4.13,1.4446,3.15,81.69,Compound,None,,,,2,4.1667 .. 4.0025,2.77,706.3342
3,3.51,8.9717,26.98,4345.91,Compound,None,,,,3,3.5985 .. 3.4369,8.27,3714.7174,,3,3.51,11.3567,27.37,5580.09,Compound,None,,,,3,3.5985 .. 3.4369,8.19,4850.1998,,3,3.51,10.2045,27.26,4993.86,Compound,None,,,,3,3.5985 .. 3.4369,10.64,4319.1881,,3,3.51,7.8947,26.94,3818.64,Compound,None,,,,3,3.5985 .. 3.4369,8.15,3202.2235,,3,3.51,7.0697,26.89,3413.64,Compound,None,,,,3,3.5985 .. 3.4369,11.54,2939.102
4,3.19,10.7599,27.45,5301.81,Compound,None,,,,4,3.2205 .. 3.1641,6.99,3140.5345,,4,3.19,13.5506,29.02,7059.15,Compound,None,,,,4,3.2205 .. 3.1641,6.82,4037.8596,,4,3.19,12.1312,28.1,6120.76,Compound,None,,,,4,3.2205 .. 3.1641,8.82,3580.0915,,4,3.19,9.5363,26.68,4567.89,Compound,None,,,,4,3.2205 .. 3.1641,7.03,2760.3385,,4,3.19,8.5117,26.34,4024.95,Compound,None,,,,4,3.2205 .. 3.1641,9.63,2453.0962
5,3.01,4.7812,30.78,2641.83,Compound,None,,,,5,3.0701 .. 2.9498,4.95,2222.0565,,5,3.01,5.9394,32.35,3449.22,Compound,None,,,,5,3.0701 .. 2.9498,4.75,2812.8668,,5,3.01,5.2898,32.3,3067.9,Compound,None,,,,5,3.0701 .. 2.9498,6.12,2484.027,,5,3.01,4.2614,31.89,2439.65,Compound,None,,,,5,3.0701 .. 2.9498,5.02,1971.1149,,5,3.01,3.8384,31.83,2193.37,Compound,None,,,,5,3.0701 .. 2.9498,6.93,1764.5177
6,1.69,55.5318,4.2,4185.33,Compound,None,,,,6,1.7148 .. 1.6698,9,4045.3111,,6,1.69,69.6241,4.51,5631.84,Compound,None,,,,6,1.7148 .. 1.6698,9.26,5486.8645,,6,1.69,62.6197,4.39,4935.59,Compound,None,,,,6,1.7148 .. 1.6698,11.92,4837.2825,,6,1.69,49.1734,4.18,3689.64,Compound,None,,,,6,1.7148 .. 1.6698,9.06,3559.1094,,6,1.69,43.7174,4.07,3193.88,Compound,None,,,,6,1.7148 .. 1.6698,12.15,3094.415
7,0.84,12.5045,1.95,438.47,Compound,None,,,,7,0.8491 .. 0.8417,0.77,348.0964,,7,0.85,16.4416,2.08,614.31,Compound,None,,,,7,0.8491 .. 0.8417,0.79,470.197,,7,0.84,14.334,2,514.76,Compound,None,,,,7,0.8491 .. 0.8417,1.01,409.9722,,7,0.84,10.7136,1.98,381.54,Compound,None,,,,7,0.8491 .. 0.8417,0.76,298.3786,,7,0.84,9.3496,1.94,326.42,Compound,None,,,,7,0.8491 .. 0.8417,1.02,259.8175
conc (um),9.5625,time(s),0.5,irrad (t/f),FALSE,,,,,,,,,,conc (um),13.5,time(s),0.5,irrad (t/f),FALSE,,,,,,,,,,conc (um),11.25,time(s),0.5,irrad (t/f),FALSE,,,,,,,,,,conc (um),8.128,time(s),0.5,irrad (t/f),FALSE,,,,,,,,,,conc (um),6.9,time(s),0.5,irrad (t/f),FALSE,,,,,,,,
,ppm,Intensity,Width,Area,Type,Flags,Impurity/Compound,Annotation,,,Range,Normalized,Absolute,,,ppm,Intensity,Width,Area,Type,Flags,Impurity/Compound,Annotation,,,Range,Normalized,Absolute,,,ppm,Intensity,Width,Area,Type,Flags,Impurity/Compound,Annotation,,,Range,Normalized,Absolute,,,ppm,Intensity,Width,Area,Type,Flags,Impurity/Compound,Annotation,,,Range,Normalized,Absolute,,,ppm,Intensity,Width,Area,Type,Flags,Impurity/Compound,Annotation,,,Range,Normalized,Absolute
1,4.21,2.2606,26.6,1079.61,Compound,None,,,,1,4.3199 .. 4.1667,2.97,1081.7154,,1,4.21,2.9807,28.31,1515.02,Compound,None,,,,1,4.3199 .. 4.1667,2.96,1561.0588,,1,4.2,2.4309,19.69,859.14,Compound,None,,,,1,4.3199 .. 4.1667,2.63,1189.8139,,1,4.21,1.9842,12.77,455.05,Compound,None,,,,1,4.3199 .. 4.1667,2.99,954.6779,,1,4.21,1.7746,26.34,839.22,Compound,None,,,,1,4.3199 .. 4.1667,3.02,853.4993
2,4.13,2.0288,1.75,63.74,Compound,None,,,,2,4.1667 .. 4.0025,2.65,964.8275,,2,4.13,2.7238,17.15,838.61,Compound,None,,,,2,4.1667 .. 4.0025,2.6,1375.2528,,2,4.13,2.2105,0.96,38.2,Compound,None,,,,2,4.1667 .. 4.0025,2.2,996.7806,,2,4.13,1.7581,11.37,359.02,Compound,None,,,,2,4.1667 .. 4.0025,2.64,842.697,,2,4.12,1.5982,22.88,656.57,Compound,None,,,,2,4.1667 .. 4.0025,2.78,785.894
3,3.51,10.4621,27.21,5111.65,Compound,None,,,,3,3.5985 .. 3.4369,11.92,4342.332,,3,3.51,13.4449,27.78,6705.52,Compound,None,,,,3,3.5985 .. 3.4369,11.12,5868.9697,,3,3.51,11.7932,27.24,5767.92,Compound,None,,,,3,3.5985 .. 3.4369,10.79,4885.0196,,3,3.51,9.2045,27.15,4487.13,Compound,None,,,,3,3.5985 .. 3.4369,11.76,3758.7098,,3,3.51,8.1796,27.03,3969.3,Compound,None,,,,3,3.5985 .. 3.4369,12.02,3399.7212
4,3.19,12.5388,28.02,6308.46,Compound,None,,,,4,3.2205 .. 3.1641,10.12,3688.1238,,4,3.19,15.9337,29.88,8548.78,Compound,None,,,,4,3.2205 .. 3.1641,9.1,4805.9839,,4,3.19,14.0684,28.52,7202.31,Compound,None,,,,4,3.2205 .. 3.1641,9.21,4169.4433,,4,3.19,11.1128,27.25,5435.87,Compound,None,,,,4,3.2205 .. 3.1641,10.13,3238.8875,,4,3.19,9.8395,26.82,4737.32,Compound,None,,,,4,3.2205 .. 3.1641,10.09,2855.0343
5,3.01,5.4736,33.23,3265.23,Compound,None,,,,5,3.0701 .. 2.9498,7.18,2616.3491,,5,3.01,6.6874,33.19,3985.09,Compound,None,,,,5,3.0701 .. 2.9498,6.07,3203.9934,,5,3.01,6.0053,33.17,3575.84,Compound,None,,,,5,3.0701 .. 2.9498,6.33,2866.1649,,5,3.01,4.8526,32.97,2872.45,Compound,None,,,,5,3.0701 .. 2.9498,7.21,2305.5241,,5,3.01,4.3719,32.66,2563.32,Compound,None,,,,5,3.0701 .. 2.9498,7.25,2051.7737
6,1.69,63.4535,4.34,4949.82,Compound,None,,,,6,1.7148 .. 1.6698,13.17,4798.5048,,6,1.69,79.5708,4.68,6692.65,Compound,None,,,,6,1.7148 .. 1.6698,12.21,6449.415,,6,1.69,72.6432,4.54,5927.25,Compound,None,,,,6,1.7148 .. 1.6698,12.88,5831.0891,,6,1.69,56.4139,4.33,4390.55,Compound,None,,,,6,1.7148 .. 1.6698,13.29,4246.8827,,6,1.69,49.7886,4.2,3750.38,Compound,None,,,,6,1.7148 .. 1.6698,12.88,3644.3836
7,0.84,13.1271,1.95,460.15,Compound,None,,,,7,0.8491 .. 0.8417,1,365.6363,,7,0.85,17.2167,2.12,654.2,Compound,None,,,,7,0.8491 .. 0.8417,0.94,495.0864,,7,0.84,15.2056,1.96,536.08,Compound,None,,,,7,0.8491 .. 0.8417,0.94,426.8181,,7,0.84,11.2093,2,403.2,Compound,None,,,,7,0.8491 .. 0.8417,0.98,313.9094,,7,0.84,9.7466,1.94,339.77,Compound,None,,,,7,0.8491 .. 0.8417,0.96,272.731
conc (um),9.5625,time(s),0.75,irrad (t/f),TRUE,,,,,,,,,,conc (um),13.5,time(s),0.75,irrad (t/f),TRUE,,,,,,,,,,conc (um),11.25,time(s),0.75,irrad (t/f),TRUE,,,,,,,,,,conc (um),8.128,time(s),0.75,irrad (t/f),TRUE,,,,,,,,,,conc (um),6.9,time(s),0.75,irrad (t/f),TRUE,,,,,,,,
,ppm,Intensity,Width,Area,Type,Flags,Impurity/Compound,Annotation,,,Range,Normalized,Absolute,,,ppm,Intensity,Width,Area,Type,Flags,Impurity/Compound,Annotation,,,Range,Normalized,Absolute,,,ppm,Intensity,Width,Area,Type,Flags,Impurity/Compound,Annotation,,,Range,Normalized,Absolute,,,ppm,Intensity,Width,Area,Type,Flags,Impurity/Compound,Annotation,,,Range,Normalized,Absolute,,,ppm,Intensity,Width,Area,Type,Flags,Impurity/Compound,Annotation,,,Range,Normalized,Absolute
1,4.21,1.9268,1.75,60.53,Compound,None,,,,1,4.3199 .. 4.1667,2.13,906.4842,,1,4.21,2.4402,24.21,1060.71,Compound,None,,,,1,4.3199 .. 4.1667,2.14,1135.3657,,1,4.2,2.0742,16.89,628.84,Compound,None,,,,1,4.3199 .. 4.1667,2.06,960.8723,,1,4.21,1.6965,12.77,389.07,Compound,None,,,,1,4.3199 .. 4.1667,2.14,794.9156,,1,4.21,1.5306,23.9,656.65,Compound,None,,,,1,4.3199 .. 4.1667,2.83,713.8587
2,4.13,1.7761,23.29,742.52,Compound,None,,,,2,4.1667 .. 4.0025,1.94,822.969,,2,4.13,2.246,32.86,1324.96,Compound,None,,,,2,4.1667 .. 4.0025,1.81,962.6342,,2,4.13,1.8902,22.72,770.89,Compound,None,,,,2,4.1667 .. 4.0025,1.71,800.8038,,2,4.14,1.4974,12.42,334,Compound,None,,,,2,4.1667 .. 4.0025,1.93,717.2082,,2,4.12,1.4033,23.06,580.98,Compound,None,,,,2,4.1667 .. 4.0025,2.7,682.138
3,3.51,8.4151,26.9,4063.84,Compound,None,,,,3,3.5985 .. 3.4369,8.16,3471.0597,,3,3.51,10.5551,27.12,5139.13,Compound,None,,,,3,3.5985 .. 3.4369,8.35,4429.4259,,3,3.51,9.4178,26.96,4558.3,Compound,None,,,,3,3.5985 .. 3.4369,8.26,3860.1858,,3,3.51,7.3866,26.92,3570.26,Compound,None,,,,3,3.5985 .. 3.4369,8.06,2993.7703,,3,3.51,6.6449,26.9,3208.89,Compound,None,,,,3,3.5985 .. 3.4369,10.95,2762.5545
4,3.19,10.1718,27.17,4960.9,Compound,None,,,,4,3.2205 .. 3.1641,6.94,2950.9254,,4,3.19,12.6468,28.42,6453.78,Compound,None,,,,4,3.2205 .. 3.1641,7.05,3742.9477,,4,3.19,11.3073,27.49,5581.26,Compound,None,,,,4,3.2205 .. 3.1641,7.07,3305.5953,,4,3.19,8.9901,26.51,4279.17,Compound,None,,,,4,3.2205 .. 3.1641,6.97,2588.3074,,4,3.19,8.0662,26.18,3791.95,Compound,None,,,,4,3.2205 .. 3.1641,9.15,2308.2431
5,3.01,4.5571,31.91,2610.73,Compound,None,,,,5,3.0701 .. 2.9498,4.96,2109.8843,,5,3.01,5.5874,31.37,3147.3,Compound,None,,,,5,3.0701 .. 2.9498,4.83,2565.1164,,5,3.01,4.9977,31.63,2837.71,Compound,None,,,,5,3.0701 .. 2.9498,4.93,2301.8645,,5,3.01,4.0527,31.7,2306.62,Compound,None,,,,5,3.0701 .. 2.9498,5.02,1864.8818,,5,3.01,3.6656,31.61,2080.18,Compound,None,,,,5,3.0701 .. 2.9498,6.66,1680.7532
6,1.69,53.0514,4.18,3978.58,Compound,None,,,,6,1.7148 .. 1.6698,9.05,3849.1031,,6,1.69,66.7231,4.48,5365.95,Compound,None,,,,6,1.7148 .. 1.6698,9.93,5271.1585,,6,1.69,60.3994,4.38,4749.25,Compound,None,,,,6,1.7148 .. 1.6698,10.1,4720.391,,6,1.69,46.8046,4.16,3498.24,Compound,None,,,,6,1.7148 .. 1.6698,9.08,3373.1305,,6,1.69,41.8429,4.05,3043.09,Compound,None,,,,6,1.7148 .. 1.6698,11.69,2951.0015
7,0.84,12.2878,1.96,432.93,Compound,None,,,,7,0.8491 .. 0.8417,0.81,343.8168,,7,0.85,16.2494,2.07,604.21,Compound,None,,,,7,0.8491 .. 0.8417,0.88,464.7975,,7,0.84,14.2647,1.97,504.73,Compound,None,,,,7,0.8491 .. 0.8417,0.86,403.7427,,7,0.84,10.4977,2,377.53,Compound,None,,,,7,0.8491 .. 0.8417,0.79,294.1665,,7,0.84,9.2244,1.95,322.61,Compound,None,,,,7,0.8491 .. 0.8417,1.02,257.9078
conc (um),9.5625,time(s),0.75,irrad (t/f),FALSE,,,,,,,,,,conc (um),13.5,time(s),0.75,irrad (t/f),FALSE,,,,,,,,,,conc (um),11.25,time(s),0.75,irrad (t/f),FALSE,,,,,,,,,,conc (um),8.128,time(s),0.75,irrad (t/f),FALSE,,,,,,,,,,conc (um),6.9,time(s),0.75,irrad (t/f),FALSE,,,,,,,,
,ppm,Intensity,Width,Area,Type,Flags,Impurity/Compound,Annotation,,,Range,Normalized,Absolute,,,ppm,Intensity,Width,Area,Type,Flags,Impurity/Compound,Annotation,,,Range,Normalized,Absolute,,,ppm,Intensity,Width,Area,Type,Flags,Impurity/Compound,Annotation,,,Range,Normalized,Absolute,,,ppm,Intensity,Width,Area,Type,Flags,Impurity/Compound,Annotation,,,Range,Normalized,Absolute,,,ppm,Intensity,Width,Area,Type,Flags,Impurity/Compound,Annotation,,,Range,Normalized,Absolute
1,4.21,2.2241,1.75,69.87,Compound,None,,,,1,4.3199 .. 4.1667,2.92,1072.6469,,1,4.21,3.0266,28.52,1549.59,Compound,None,,,,1,4.3199 .. 4.1667,3.03,1625.6295,,1,4.2,2.6286,16.89,796.88,Compound,None,,,,1,4.3199 .. 4.1667,3.29,1397.0495,,1,4.21,1.9603,1.49,52.35,Compound,None,,,,1,4.3199 .. 4.1667,3,949.8995,,1,4.21,1.7335,1.49,46.29,Compound,None,,,,1,4.3199 .. 4.1667,2.96,842.1743
2,4.13,2.0308,23.83,868.7,Compound,None,,,,2,4.1667 .. 4.0025,2.6,955.1316,,2,4.13,2.7899,21.17,1060.54,Compound,None,,,,2,4.1667 .. 4.0025,2.72,1459.2081,,2,4.13,2.388,28.13,1205.86,Compound,None,,,,2,4.1667 .. 4.0025,2.92,1238.7158,,2,4.13,1.7656,1.4,44.37,Compound,None,,,,2,4.1667 .. 4.0025,2.68,847.3393,,2,4.12,1.616,23.75,688.98,Compound,None,,,,2,4.1667 .. 4.0025,2.76,785.5071
3,3.51,10.5156,27.27,5148.33,Compound,None,,,,3,3.5985 .. 3.4369,11.94,4380.3675,,3,3.51,13.5488,27.78,6757.53,Compound,None,,,,3,3.5985 .. 3.4369,11.03,5928.6148,,3,3.51,12.0355,27.52,5945.71,Compound,None,,,,3,3.5985 .. 3.4369,12.14,5153.0318,,3,3.51,9.2661,27.09,4506.95,Compound,None,,,,3,3.5985 .. 3.4369,11.96,3782.5826,,3,3.51,8.2044,27.07,3986.88,Compound,None,,,,3,3.5985 .. 3.4369,11.97,3408.6995
4,3.19,12.6583,27.88,6335.74,Compound,None,,,,4,3.2205 .. 3.1641,10.13,3716.8544,,4,3.19,16.0879,30.13,8702.17,Compound,None,,,,4,3.2205 .. 3.1641,9.03,4850.3142,,4,3.19,14.3281,28.81,7410.18,Compound,None,,,,4,3.2205 .. 3.1641,10.05,4265.6056,,4,3.19,11.1978,27.31,5490.26,Compound,None,,,,4,3.2205 .. 3.1641,10.33,3266.7701,,4,3.19,9.9122,26.8,4770.1,Compound,None,,,,4,3.2205 .. 3.1641,10.1,2876.6193
5,3.01,5.4832,32.98,3246.27,Compound,None,,,,5,3.0701 .. 2.9498,7.09,2602.9651,,5,3.01,6.7991,31.14,3800.85,Compound,None,,,,5,3.0701 .. 2.9498,6.15,3303.3264,,5,3.01,6.1048,33.46,3667.63,Compound,None,,,,5,3.0701 .. 2.9498,6.92,2937.39,,5,3.01,4.8879,33.15,2909.15,Compound,None,,,,5,3.0701 .. 2.9498,7.36,2326.1014,,5,3.01,4.3885,32.69,2575.29,Compound,None,,,,5,3.0701 .. 2.9498,7.26,2066.2697
6,1.69,64.4701,4.36,5050.25,Compound,None,,,,6,1.7148 .. 1.6698,13.32,4887.8575,,6,1.69,80.7561,4.65,6748.5,Compound,None,,,,6,1.7148 .. 1.6698,12.13,6515.1969,,6,1.69,73.1504,4.53,5954.25,Compound,None,,,,6,1.7148 .. 1.6698,13.68,5806.7683,,6,1.69,57.2821,4.35,4472.85,Compound,None,,,,6,1.7148 .. 1.6698,13.67,4322.2155,,6,1.69,50.48,4.22,3820.23,Compound,None,,,,6,1.7148 .. 1.6698,13.01,3705.2701
7,0.84,13.1912,1.96,464.19,Compound,None,,,,7,0.8491 .. 0.8417,1,366.9049,,7,0.85,17.3826,2.08,650.38,Compound,None,,,,7,0.8491 .. 0.8417,0.92,495.8158,,7,0.84,15.2123,1.99,542.42,Compound,None,,,,7,0.8491 .. 0.8417,1.01,430.8443,,7,0.84,11.2243,2.01,405.62,Compound,None,,,,7,0.8491 .. 0.8417,1,314.7046,,7,0.84,9.7514,1.95,340.82,Compound,None,,,,7,0.8491 .. 0.8417,0.95,270.2222
conc (um),9.5625,time(s),1,irrad (t/f),TRUE,,,,,,,,,,conc (um),13.5,time(s),1,irrad (t/f),TRUE,,,,,,,,,,conc (um),11.25,time(s),1,irrad (t/f),TRUE,,,,,,,,,,conc (um),8.128,time(s),1,irrad (t/f),TRUE,,,,,,,,,,conc (um),6.9,time(s),1,irrad (t/f),TRUE,,,,,,,,
,ppm,Intensity,Width,Area,Type,Flags,Impurity/Compound,Annotation,,,Range,Normalized,Absolute,,,ppm,Intensity,Width,Area,Type,Flags,Impurity/Compound,Annotation,,,Range,Normalized,Absolute,,,ppm,Intensity,Width,Area,Type,Flags,Impurity/Compound,Annotation,,,Range,Normalized,Absolute,,,ppm,Intensity,Width,Area,Type,Flags,Impurity/Compound,Annotation,,,Range,Normalized,Absolute,,,ppm,Intensity,Width,Area,Type,Flags,Impurity/Compound,Annotation,,,Range,Normalized,Absolute
1,4.21,1.866,24.47,819.63,Compound,None,,,,1,4.3199 .. 4.1667,2.13,856.8011,,1,4.21,2.4132,25.15,1089.61,Compound,None,,,,1,4.3199 .. 4.1667,2.29,1187.4422,,1,4.2,2.1616,17.06,662.11,Compound,None,,,,1,4.3199 .. 4.1667,2.93,1127.31,,1,4.21,1.6359,1.57,46.25,Compound,None,,,,1,4.3199 .. 4.1667,2.14,752.1224,,1,4.21,1.4634,11.2,294.24,Compound,None,,,,1,4.3199 .. 4.1667,2.14,675.8515
2,4.13,1.709,1.31,40.27,Compound,None,,,,2,4.1667 .. 4.0025,1.96,787.5274,,2,4.13,2.2627,3.06,124.4,Compound,None,,,,2,4.1667 .. 4.0025,2,1037.7418,,2,4.13,2.0171,0.61,22.18,Compound,None,,,,2,4.1667 .. 4.0025,2.58,992.5145,,2,4.14,1.4309,9.71,249.48,Compound,None,,,,2,4.1667 .. 4.0025,1.94,679.8844,,2,4.12,1.3534,23.41,568.68,Compound,None,,,,2,4.1667 .. 4.0025,2.05,647.2869
3,3.51,7.9216,26.81,3813.25,Compound,None,,,,3,3.5985 .. 3.4369,8.12,3266.0639,,3,3.51,9.9229,27.03,4815.29,Compound,None,,,,3,3.5985 .. 3.4369,8.11,4206.656,,3,3.51,8.9419,27.06,4343.89,Compound,None,,,,3,3.5985 .. 3.4369,9.93,3824.4625,,3,3.51,6.9615,26.78,3347.21,Compound,None,,,,3,3.5985 .. 3.4369,8.02,2815.0124,,3,3.51,6.2687,26.8,3015.93,Compound,None,,,,3,3.5985 .. 3.4369,8.24,2603.8456
4,3.19,9.598,26.93,4640.84,Compound,None,,,,4,3.2205 .. 3.1641,6.9,2776.7882,,4,3.19,11.9238,28.17,6030.91,Compound,None,,,,4,3.2205 .. 3.1641,6.78,3516.2273,,4,3.19,10.6974,27.44,5269.69,Compound,None,,,,4,3.2205 .. 3.1641,8.13,3130.8151,,4,3.19,8.4707,26.33,4003.92,Compound,None,,,,4,3.2205 .. 3.1641,6.94,2433.8426,,4,3.19,7.597,26.09,3557.95,Compound,None,,,,4,3.2205 .. 3.1641,6.88,2176.6252
5,3.01,4.3633,31.57,2472.81,Compound,None,,,,5,3.0701 .. 2.9498,4.98,2004.3765,,5,3.01,5.3404,31.23,2994.71,Compound,None,,,,5,3.0701 .. 2.9498,4.72,2448.4888,,5,3.01,4.7415,31.16,2652.42,Compound,None,,,,5,3.0701 .. 2.9498,5.58,2151.497,,5,3.01,3.8703,31.45,2185.34,Compound,None,,,,5,3.0701 .. 2.9498,5.02,1763.0158,,5,3.01,3.4978,31.36,1969.26,Compound,None,,,,5,3.0701 .. 2.9498,5.02,1588.5557
6,1.69,50.5764,4.15,3772.69,Compound,None,,,,6,1.7148 .. 1.6698,9.08,3653.5969,,6,1.69,62.6243,4.38,4929.68,Compound,None,,,,6,1.7148 .. 1.6698,9.24,4796.8871,,6,1.69,55.9969,4.28,4300.01,Compound,None,,,,6,1.7148 .. 1.6698,10.85,4181.3264,,6,1.69,44.5285,4.15,3313.95,Compound,None,,,,6,1.7148 .. 1.6698,9.11,3196.105,,6,1.69,39.9258,4.03,2891.51,Compound,None,,,,6,1.7148 .. 1.6698,8.87,2805.4372
7,0.84,12.121,1.95,425.42,Compound,None,,,,7,0.8491 .. 0.8417,0.84,337.4001,,7,0.84,15.7987,2.05,582.33,Compound,None,,,,7,0.8491 .. 0.8417,0.86,448.287,,7,0.84,13.7372,1.99,489.6,Compound,None,,,,7,0.8491 .. 0.8417,1.01,388.6236,,7,0.84,10.3249,2.01,372.96,Compound,None,,,,7,0.8491 .. 0.8417,0.83,289.9982,,7,0.84,9.0986,1.95,317.9,Compound,None,,,,7,0.8491 .. 0.8417,0.8,252.8089
conc (um),9.5625,time(s),1,irrad (t/f),FALSE,,,,,,,,,,conc (um),13.5,time(s),1,irrad (t/f),FALSE,,,,,,,,,,conc (um),11.25,time(s),1,irrad (t/f),FALSE,,,,,,,,,,conc (um),8.128,time(s),1,irrad (t/f),FALSE,,,,,,,,,,conc (um),6.9,time(s),1,irrad (t/f),FALSE,,,,,,,,
,ppm,Intensity,Width,Area,Type,Flags,Impurity/Compound,Annotation,,,Range,Normalized,Absolute,,,ppm,Intensity,Width,Area,Type,Flags,Impurity/Compound,Annotation,,,Range,Normalized,Absolute,,,ppm,Intensity,Width,Area,Type,Flags,Impurity/Compound,Annotation,,,Range,Normalized,Absolute,,,ppm,Intensity,Width,Area,Type,Flags,Impurity/Compound,Annotation,,,Range,Normalized,Absolute,,,ppm,Intensity,Width,Area,Type,Flags,Impurity/Compound,Annotation,,,Range,Normalized,Absolute
1,4.21,2.2304,26.65,1067.24,Compound,None,,,,1,4.3199 .. 4.1667,2.95,1070.7917,,1,4.21,2.9931,28.31,1521.24,Compound,None,,,,1,4.3199 .. 4.1667,3.13,1550.2366,,1,4.2,2.5697,16.1,742.72,Compound,None,,,,1,4.3199 .. 4.1667,3.07,1331.5963,,1,4.21,1.9702,1.57,55.71,Compound,None,,,,1,4.3199 .. 4.1667,2.98,949.038,,1,4.21,1.742,1.49,46.52,Compound,None,,,,1,4.3199 .. 4.1667,3.11,841.0529
2,4.13,2.0109,25.07,905.12,Compound,None,,,,2,4.1667 .. 4.0025,2.65,960.7138,,2,4.13,2.7224,1.49,72.7,Compound,None,,,,2,4.1667 .. 4.0025,2.77,1372.7288,,2,4.13,2.3518,27.83,1175.04,Compound,None,,,,2,4.1667 .. 4.0025,2.69,1166.0795,,2,4.14,1.7316,8.75,271.99,Compound,None,,,,2,4.1667 .. 4.0025,2.67,850.9277,,2,4.12,1.6051,2.97,85.72,Compound,None,,,,2,4.1667 .. 4.0025,2.91,785.1567
3,3.51,10.5882,27.24,5177.47,Compound,None,,,,3,3.5985 .. 3.4369,12.11,4390.0147,,3,3.51,13.6245,27.78,6794.91,Compound,None,,,,3,3.5985 .. 3.4369,11.95,5913.0075,,3,3.51,12.1017,27.5,5975.86,Compound,None,,,,3,3.5985 .. 3.4369,11.83,5135.0704,,3,3.51,9.3187,27.18,4547.97,Compound,None,,,,3,3.5985 .. 3.4369,11.92,3800.6184,,3,3.51,8.2446,27.13,4016.28,Compound,None,,,,3,3.5985 .. 3.4369,12.66,3418.7328
4,3.19,12.7333,28.04,6409.23,Compound,None,,,,4,3.2205 .. 3.1641,10.32,3740.4533,,4,3.19,16.1995,30.19,8780.99,Compound,None,,,,4,3.2205 .. 3.1641,9.86,4880.2694,,4,3.19,14.3967,28.87,7461.31,Compound,None,,,,4,3.2205 .. 3.1641,9.88,4287.4968,,4,3.19,11.2735,27.46,5557.13,Compound,None,,,,4,3.2205 .. 3.1641,10.32,3290.9408,,4,3.19,9.9718,26.98,4830.96,Compound,None,,,,4,3.2205 .. 3.1641,10.73,2897.7049
5,3.01,5.5232,33.11,3283.33,Compound,None,,,,5,3.0701 .. 2.9498,7.25,2628.8412,,5,3.01,6.8059,31.43,3840.23,Compound,None,,,,5,3.0701 .. 2.9498,6.67,3302.4843,,5,3.01,6.1089,33.44,3667.68,Compound,None,,,,5,3.0701 .. 2.9498,6.76,2934.9065,,5,3.01,4.9262,34.86,3082.84,Compound,None,,,,5,3.0701 .. 2.9498,7.35,2344.8076,,5,3.01,4.4231,32.6,2588.96,Compound,None,,,,5,3.0701 .. 2.9498,7.68,2075.9618
6,1.69,65.3482,4.37,5128.36,Compound,None,,,,6,1.7148 .. 1.6698,13.7,4966.9082,,6,1.69,82.391,4.7,6946.87,Compound,None,,,,6,1.7148 .. 1.6698,13.6,6731.8082,,6,1.69,74.3945,4.57,6101.59,Compound,None,,,,6,1.7148 .. 1.6698,13.77,5976.6662,,6,1.69,57.9573,4.37,4545.16,Compound,None,,,,6,1.7148 .. 1.6698,13.77,4390.0826,,6,1.69,51.0332,4.23,3874.89,Compound,None,,,,6,1.7148 .. 1.6698,13.91,3756.8541
7,0.84,13.2868,1.96,467.43,Compound,None,,,,7,0.8491 .. 0.8417,1.02,368.6923,,7,0.85,17.5383,2.09,658.2,Compound,None,,,,7,0.8491 .. 0.8417,1.01,500.9801,,7,0.84,15.337,1.99,548.81,Compound,None,,,,7,0.8491 .. 0.8417,1.01,436.2699,,7,0.84,11.2386,2.03,408.95,Compound,None,,,,7,0.8491 .. 0.8417,0.99,316.2653,,7,0.84,9.8247,1.95,343.91,Compound,None,,,,7,0.8491 .. 0.8417,1.01,272.0072
conc (um),9.5625,time(s),1.25,irrad (t/f),TRUE,,,,,,,,,,conc (um),13.5,time(s),1.25,irrad (t/f),TRUE,,,,,,,,,,conc (um),11.25,time(s),1.25,irrad (t/f),TRUE,,,,,,,,,,conc (um),8.128,time(s),1.25,irrad (t/f),TRUE,,,,,,,,,,conc (um),6.9,time(s),1.25,irrad (t/f),TRUE,,,,,,,,
,ppm,Intensity,Width,Area,Type,Flags,Impurity/Compound,Annotation,,,Range,Normalized,Absolute,,,ppm,Intensity,Width,Area,Type,Flags,Impurity/Compound,Annotation,,,Range,Normalized,Absolute,,,ppm,Intensity,Width,Area,Type,Flags,Impurity/Compound,Annotation,,,Range,Normalized,Absolute,,,ppm,Intensity,Width,Area,Type,Flags,Impurity/Compound,Annotation,,,Range,Normalized,Absolute,,,ppm,Intensity,Width,Area,Type,Flags,Impurity/Compound,Annotation,,,Range,Normalized,Absolute
1,4.21,1.8058,24.27,786.8,Compound,None,,,,1,4.3199 .. 4.1667,2.17,831.2953,,1,4.21,2.3879,24.8,1063.02,Compound,None,,,,1,4.3199 .. 4.1667,2.08,1172.7476,,1,4.2,2.1067,17.85,675.07,Compound,None,,,,1,4.3199 .. 4.1667,2.15,1083.2664,,1,4.21,1.5699,1.66,46.85,Compound,None,,,,1,4.3199 .. 4.1667,2.14,711.8561,,1,4.21,1.406,1.31,33.13,Compound,None,,,,1,4.3199 .. 4.1667,2.18,658.7116
2,4.13,1.6653,22.92,685.38,Compound,None,,,,2,4.1667 .. 4.0025,1.97,756.2696,,2,4.13,2.2308,35.07,1404.73,Compound,None,,,,2,4.1667 .. 4.0025,1.84,1035.5409,,2,4.13,1.9619,25.76,907.38,Compound,None,,,,2,4.1667 .. 4.0025,1.93,971.8027,,2,4.14,1.3931,1.66,41.58,Compound,None,,,,2,4.1667 .. 4.0025,1.94,645.0115,,2,4.12,1.3213,0.52,12.45,Compound,None,,,,2,4.1667 .. 4.0025,2.07,626.6
3,3.51,7.5355,26.8,3625.15,Compound,None,,,,3,3.5985 .. 3.4369,8.08,3097.5965,,3,3.51,9.4395,26.93,4564.65,Compound,None,,,,3,3.5985 .. 3.4369,7.13,4012.4538,,3,3.51,8.4726,27,4106.61,Compound,None,,,,3,3.5985 .. 3.4369,7.15,3597.6761,,3,3.51,6.5729,26.5,3126.65,Compound,None,,,,3,3.5985 .. 3.4369,7.98,2649.9269,,3,3.51,5.9813,26.77,2874.56,Compound,None,,,,3,3.5985 .. 3.4369,8.2,2481.3079
4,3.19,9.1288,26.95,4416.89,Compound,None,,,,4,3.2205 .. 3.1641,6.88,2637.1867,,4,3.19,11.3903,28.01,5728.22,Compound,None,,,,4,3.2205 .. 3.1641,5.95,3347.5286,,4,3.19,10.1723,27.43,5008.71,Compound,None,,,,4,3.2205 .. 3.1641,5.9,2968.4429,,4,3.19,8.023,26.25,3780.67,Compound,None,,,,4,3.2205 .. 3.1641,6.92,2300.5024,,4,3.19,7.2501,26.17,3406.12,Compound,None,,,,4,3.2205 .. 3.1641,6.86,2075.0404
5,3.01,4.1851,31.11,2337.64,Compound,None,,,,5,3.0701 .. 2.9498,4.96,1900.5265,,5,3.01,5.1434,31.14,2875.19,Compound,None,,,,5,3.0701 .. 2.9498,4.16,2344.5822,,5,3.01,4.5931,31.25,2576.87,Compound,None,,,,5,3.0701 .. 2.9498,4.17,2100.8521,,5,3.01,3.7012,30.95,2056.85,Compound,None,,,,5,3.0701 .. 2.9498,5.02,1669.5241,,5,3.01,3.3636,30.93,1867.74,Compound,None,,,,5,3.0701 .. 2.9498,5,1512.4451
6,1.69,48.3469,4.14,3591.53,Compound,None,,,,6,1.7148 .. 1.6698,9.08,3481.35,,6,1.69,59.6901,4.35,4659.53,Compound,None,,,,6,1.7148 .. 1.6698,8.06,4539.8695,,6,1.69,53.4421,4.26,4085.05,Compound,None,,,,6,1.7148 .. 1.6698,7.94,3999.7678,,6,1.69,42.4106,4.13,3145.41,Compound,None,,,,6,1.7148 .. 1.6698,9.14,3035.545,,6,1.69,38.2169,4.02,2758.23,Compound,None,,,,6,1.7148 .. 1.6698,8.86,2679.6231
7,0.84,11.9098,1.96,419.82,Compound,None,,,,7,0.8491 .. 0.8417,0.87,332.3461,,7,0.85,15.5349,2.06,574.09,Compound,None,,,,7,0.8491 .. 0.8417,0.78,439.59,,7,0.84,13.5239,1.98,481.19,Compound,None,,,,7,0.8491 .. 0.8417,0.76,383.1131,,7,0.84,10.1395,2.01,366.68,Compound,None,,,,7,0.8491 .. 0.8417,0.86,284.4686,,7,0.84,8.9797,1.95,314.58,Compound,None,,,,7,0.8491 .. 0.8417,0.83,250.0504
conc (um),9.5625,time(s),1.25,irrad (t/f),FALSE,,,,,,,,,,conc (um),13.5,time(s),1.25,irrad (t/f),FALSE,,,,,,,,,,conc (um),11.25,time(s),1.25,irrad (t/f),FALSE,,,,,,,,,,conc (um),8.128,time(s),1.25,irrad (t/f),FALSE,,,,,,,,,,conc (um),6.9,time(s),1.25,irrad (t/f),FALSE,,,,,,,,
,ppm,Intensity,Width,Area,Type,Flags,Impurity/Compound,Annotation,,,Range,Normalized,Absolute,,,ppm,Intensity,Width,Area,Type,Flags,Impurity/Compound,Annotation,,,Range,Normalized,Absolute,,,ppm,Intensity,Width,Area,Type,Flags,Impurity/Compound,Annotation,,,Range,Normalized,Absolute,,,ppm,Intensity,Width,Area,Type,Flags,Impurity/Compound,Annotation,,,Range,Normalized,Absolute,,,ppm,Intensity,Width,Area,Type,Flags,Impurity/Compound,Annotation,,,Range,Normalized,Absolute
1,4.21,2.2711,26.31,1072.74,Compound,None,,,,1,4.3199 .. 4.1667,2.97,1084.7134,,1,4.21,2.9835,28.32,1516.71,Compound,None,,,,1,4.3199 .. 4.1667,3.12,1555.4236,,1,4.2,2.4799,16.1,716.75,Compound,None,,,,1,4.3199 .. 4.1667,2.61,1212.8519,,1,4.21,2.0151,26.31,951.65,Compound,None,,,,1,4.3199 .. 4.1667,3,962.9651,,1,4.21,1.7839,13.12,420.33,Compound,None,,,,1,4.3199 .. 4.1667,3.13,853.0843
2,4.13,2.0343,24.33,888.49,Compound,None,,,,2,4.1667 .. 4.0025,2.64,965.6314,,2,4.13,2.7597,19.77,979.68,Compound,None,,,,2,4.1667 .. 4.0025,2.77,1377.7683,,2,4.13,2.2671,25.16,1023.91,Compound,None,,,,2,4.1667 .. 4.0025,2.19,1017.9448,,2,4.14,1.7434,11.2,350.54,Compound,None,,,,2,4.1667 .. 4.0025,2.68,859.4696,,2,4.12,1.6345,23.74,696.76,Compound,None,,,,2,4.1667 .. 4.0025,2.91,793.5145
3,3.51,10.63,27.28,5205.97,Compound,None,,,,3,3.5985 .. 3.4369,12.08,4410.412,,3,3.51,13.6674,27.82,6825.79,Compound,None,,,,3,3.5985 .. 3.4369,11.92,5933.7406,,3,3.51,12.0246,27.35,5904.11,Compound,None,,,,3,3.5985 .. 3.4369,10.73,4990.9624,,3,3.51,9.3616,27.19,4569.84,Compound,None,,,,3,3.5985 .. 3.4369,11.87,3813.6568,,3,3.51,8.2874,27.12,4034.39,Compound,None,,,,3,3.5985 .. 3.4369,12.59,3429.0569
4,3.19,12.8254,27.98,6443.15,Compound,None,,,,4,3.2205 .. 3.1641,10.31,3763.809,,4,3.19,16.2612,30.01,8761,Compound,None,,,,4,3.2205 .. 3.1641,9.85,4903.899,,4,3.19,14.3621,28.68,7394.56,Compound,None,,,,4,3.2205 .. 3.1641,9.16,4262.4716,,4,3.19,11.3502,27.42,5586.74,Compound,None,,,,4,3.2205 .. 3.1641,10.3,3308.8615,,4,3.19,10.0415,27.04,4875.64,Compound,None,,,,4,3.2205 .. 3.1641,10.71,2917.3254
5,3.01,5.5327,33.22,3299.45,Compound,None,,,,5,3.0701 .. 2.9498,7.25,2646.9669,,5,3.01,6.8451,33.62,4132.2,Compound,None,,,,5,3.0701 .. 2.9498,6.67,3318.5984,,5,3.01,6.1067,33.18,3637.27,Compound,None,,,,5,3.0701 .. 2.9498,6.27,2916.232,,5,3.01,4.955,33.18,2951.33,Compound,None,,,,5,3.0701 .. 2.9498,7.35,2360.6434,,5,3.01,4.4406,33.8,2694.86,Compound,None,,,,5,3.0701 .. 2.9498,7.72,2100.9755
6,1.69,65.9446,4.38,5187.02,Compound,None,,,,6,1.7148 .. 1.6698,13.74,5017.8195,,6,1.69,83.0324,4.7,7011.64,Compound,None,,,,6,1.7148 .. 1.6698,13.66,6797.5071,,6,1.69,75.5267,4.58,6210.69,Compound,None,,,,6,1.7148 .. 1.6698,13.12,6104.0994,,6,1.69,58.5071,4.38,4600.06,Compound,None,,,,6,1.7148 .. 1.6698,13.81,4437.026,,6,1.69,51.5031,4.24,3916.13,Compound,None,,,,6,1.7148 .. 1.6698,13.92,3791.566
7,0.84,13.3087,1.96,468.55,Compound,None,,,,7,0.8491 .. 0.8417,1.01,370.4565,,7,0.84,17.617,2.09,660.76,Compound,None,,,,7,0.8491 .. 0.8417,1.01,504.8389,,7,0.84,15.4396,1.96,544.55,Compound,None,,,,7,0.8491 .. 0.8417,0.93,433.9796,,7,0.84,11.297,2.02,410.35,Compound,None,,,,7,0.8491 .. 0.8417,0.99,317.0457,,7,0.84,9.8445,1.95,344.61,Compound,None,,,,7,0.8491 .. 0.8417,1,273.5659
conc (um),9.5625,time(s),1.5,irrad (t/f),TRUE,,,,,,,,,,conc (um),13.5,time(s),1.5,irrad (t/f),TRUE,,,,,,,,,,conc (um),11.25,time(s),1.5,irrad (t/f),TRUE,,,,,,,,,,conc (um),8.128,time(s),1.5,irrad (t/f),TRUE,,,,,,,,,,conc (um),6.9,time(s),1.5,irrad (t/f),TRUE,,,,,,,,
,ppm,Intensity,Width,Area,Type,Flags,Impurity/Compound,Annotation,,,Range,Normalized,Absolute,,,ppm,Intensity,Width,Area,Type,Flags,Impurity/Compound,Annotation,,,Range,Normalized,Absolute,,,ppm,Intensity,Width,Area,Type,Flags,Impurity/Compound,Annotation,,,Range,Normalized,Absolute,,,ppm,Intensity,Width,Area,Type,Flags,Impurity/Compound,Annotation,,,Range,Normalized,Absolute,,,ppm,Intensity,Width,Area,Type,Flags,Impurity/Compound,Annotation,,,Range,Normalized,Absolute
1,4.21,1.7461,25.06,785.44,Compound,None,,,,1,4.3199 .. 4.1667,2.15,788.3699,,1,4.21,2.2606,24.4,990.29,Compound,None,,,,1,4.3199 .. 4.1667,2.26,1067.3908,,1,4.2,1.9972,34.15,1224.35,Compound,None,,,,1,4.3199 .. 4.1667,2.09,999.2761,,1,4.21,1.5199,2.1,57.3,Compound,None,,,,1,4.3199 .. 4.1667,2.14,676.3351,,1,4.21,1.3565,1.4,34.09,Compound,None,,,,1,4.3199 .. 4.1667,2.16,622.759
2,4.13,1.6179,1.66,48.29,Compound,None,,,,2,4.1667 .. 4.0025,1.98,725.2146,,2,4.13,2.1264,3.15,120.25,Compound,None,,,,2,4.1667 .. 4.0025,1.97,930.6149,,2,4.13,1.8901,23.33,791.7,Compound,None,,,,2,4.1667 .. 4.0025,1.85,886.5785,,2,4.13,1.3932,11.29,282.3,Compound,None,,,,2,4.1667 .. 4.0025,1.95,615.7891,,2,4.12,1.2777,1.4,32.11,Compound,None,,,,2,4.1667 .. 4.0025,2.07,597.3357
3,3.51,7.1907,26.69,3445.99,Compound,None,,,,3,3.5985 .. 3.4369,8.05,2947.7178,,3,3.51,8.9609,26.96,4337.19,Compound,None,,,,3,3.5985 .. 3.4369,8.01,3781.4083,,3,3.51,8.0408,27.05,3904.9,Compound,None,,,,3,3.5985 .. 3.4369,7.13,3409.3253,,3,3.51,6.2692,26.7,3005.63,Compound,None,,,,3,3.5985 .. 3.4369,7.94,2511.0655,,3,3.51,5.7109,26.94,2761.73,Compound,None,,,,3,3.5985 .. 3.4369,8.18,2363.8155
4,3.19,8.759,26.68,4196.07,Compound,None,,,,4,3.2205 .. 3.1641,6.88,2518.4349,,4,3.19,10.8809,27.79,5429.05,Compound,None,,,,4,3.2205 .. 3.1641,6.76,3188.5344,,4,3.19,9.7153,27.12,4730.72,Compound,None,,,,4,3.2205 .. 3.1641,5.91,2827.9132,,4,3.19,7.6543,26.13,3590.21,Compound,None,,,,4,3.2205 .. 3.1641,6.92,2190.5699,,4,3.19,6.9326,26.13,3252.09,Compound,None,,,,4,3.2205 .. 3.1641,6.85,1979.8485
5,3.01,4.0246,31.1,2247.41,Compound,None,,,,5,3.0701 .. 2.9498,4.98,1823.8068,,5,3.01,4.9247,30.89,2731.37,Compound,None,,,,5,3.0701 .. 2.9498,4.73,2229.7769,,5,3.01,4.3941,30.99,2444.9,Compound,None,,,,5,3.0701 .. 2.9498,4.14,1982.2885,,5,3.01,3.5507,30.93,1971.81,Compound,None,,,,5,3.0701 .. 2.9498,5.06,1599.8565,,5,3.01,3.2414,31.17,1813.71,Compound,None,,,,5,3.0701 .. 2.9498,5.04,1457.626
6,1.69,46.33,4.12,3427.59,Compound,None,,,,6,1.7148 .. 1.6698,9.06,3318.9544,,6,1.69,57.4657,4.36,4495.03,Compound,None,,,,6,1.7148 .. 1.6698,9.34,4407.4541,,6,1.69,51.3144,4.26,3926.32,Compound,None,,,,6,1.7148 .. 1.6698,8.08,3867.1787,,6,1.69,40.5021,4.11,2987.69,Compound,None,,,,6,1.7148 .. 1.6698,9.11,2881.6273,,6,1.69,36.6178,4,2632.49,Compound,None,,,,6,1.7148 .. 1.6698,8.84,2553.6878
7,0.84,11.736,1.97,414.66,Compound,None,,,,7,0.8491 .. 0.8417,0.89,327.5406,,7,0.84,15.3792,2.06,568.98,Compound,None,,,,7,0.8491 .. 0.8417,0.93,438.1145,,7,0.84,13.3831,1.99,478.88,Compound,None,,,,7,0.8491 .. 0.8417,0.8,381.2012,,7,0.84,10.0344,2.01,361.55,Compound,None,,,,7,0.8491 .. 0.8417,0.89,281.1411,,7,0.84,8.8812,1.96,312.22,Compound,None,,,,7,0.8491 .. 0.8417,0.87,249.9977
conc (um),9.5625,time(s),1.5,irrad (t/f),FALSE,,,,,,,,,,conc (um),13.5,time(s),1.5,irrad (t/f),FALSE,,,,,,,,,,conc (um),11.25,time(s),1.5,irrad (t/f),FALSE,,,,,,,,,,conc (um),8.128,time(s),1.5,irrad (t/f),FALSE,,,,,,,,,,conc (um),6.9,time(s),1.5,irrad (t/f),FALSE,,,,,,,,
,ppm,Intensity,Width,Area,Type,Flags,Impurity/Compound,Annotation,,,Range,Normalized,Absolute,,,ppm,Intensity,Width,Area,Type,Flags,Impurity/Compound,Annotation,,,Range,Normalized,Absolute,,,ppm,Intensity,Width,Area,Type,Flags,Impurity/Compound,Annotation,,,Range,Normalized,Absolute,,,ppm,Intensity,Width,Area,Type,Flags,Impurity/Compound,Annotation,,,Range,Normalized,Absolute,,,ppm,Intensity,Width,Area,Type,Flags,Impurity/Compound,Annotation,,,Range,Normalized,Absolute
1,4.21,2.248,26.36,1063.77,Compound,None,,,,1,4.3199 .. 4.1667,2.94,1080.0218,,1,4.21,2.997,27.6,1484.93,Compound,None,,,,1,4.3199 .. 4.1667,3.13,1566.4307,,1,4.2,2.4449,15.57,683.61,Compound,None,,,,1,4.3199 .. 4.1667,2.57,1191.2988,,1,4.21,1.9907,26.57,949.73,Compound,None,,,,1,4.3199 .. 4.1667,2.97,955.4773,,1,4.21,1.795,13.21,425.76,Compound,None,,,,1,4.3199 .. 4.1667,2.95,855.941
2,4.13,2.0491,24.64,906.49,Compound,None,,,,2,4.1667 .. 4.0025,2.65,971.8871,,2,4.13,2.7717,2.62,130.62,Compound,None,,,,2,4.1667 .. 4.0025,2.81,1403.3096,,2,4.13,2.2082,24.98,990.34,Compound,None,,,,2,4.1667 .. 4.0025,2.13,985.1392,,2,4.13,1.8041,8.84,286.23,Compound,None,,,,2,4.1667 .. 4.0025,2.65,853.6888,,2,4.12,1.6387,24.14,710.16,Compound,None,,,,2,4.1667 .. 4.0025,2.76,801.0493
3,3.51,10.6944,27.21,5223.75,Compound,None,,,,3,3.5985 .. 3.4369,12.04,4420.6245,,3,3.51,13.7335,27.78,6848.73,Compound,None,,,,3,3.5985 .. 3.4369,11.95,5970.3502,,3,3.51,12.0648,27.3,5912.81,Compound,None,,,,3,3.5985 .. 3.4369,10.84,5016.1853,,3,3.51,9.3967,27.2,4588.95,Compound,None,,,,3,3.5985 .. 3.4369,11.87,3824.0862,,3,3.51,8.3237,27.13,4054.32,Compound,None,,,,3,3.5985 .. 3.4369,11.87,3449.1903
4,3.19,12.8725,27.94,6456.43,Compound,None,,,,4,3.2205 .. 3.1641,10.29,3775.9526,,4,3.19,16.3225,30.02,8798.62,Compound,None,,,,4,3.2205 .. 3.1641,9.85,4921.5688,,4,3.19,14.3914,28.3,7311.27,Compound,None,,,,4,3.2205 .. 3.1641,9.2,4259.251,,4,3.19,11.3773,27.29,5574.93,Compound,None,,,,4,3.2205 .. 3.1641,10.29,3314.8713,,4,3.19,10.076,26.92,4870.02,Compound,None,,,,4,3.2205 .. 3.1641,10.05,2919.7528
5,3.01,5.5652,33.3,3326.75,Compound,None,,,,5,3.0701 .. 2.9498,7.26,2665.9902,,5,3.01,6.8337,33.72,4136.56,Compound,None,,,,5,3.0701 .. 2.9498,6.63,3311.1494,,5,3.01,5.9927,32.86,3535.51,Compound,None,,,,5,3.0701 .. 2.9498,6.11,2828.4308,,5,3.01,4.9462,33.25,2952.6,Compound,None,,,,5,3.0701 .. 2.9498,7.35,2366.375,,5,3.01,4.465,32.81,2630.44,Compound,None,,,,5,3.0701 .. 2.9498,7.27,2111.6201
6,1.69,66.3391,4.4,5240.54,Compound,None,,,,6,1.7148 .. 1.6698,13.81,5068.3405,,6,1.69,83.3925,4.7,7038.97,Compound,None,,,,6,1.7148 .. 1.6698,13.63,6808.0268,,6,1.69,75.829,4.58,6233.46,Compound,None,,,,6,1.7148 .. 1.6698,13.21,6110.801,,6,1.69,58.8856,4.38,4632.16,Compound,None,,,,6,1.7148 .. 1.6698,13.89,4472.9685,,6,1.69,51.8585,4.24,3946.05,Compound,None,,,,6,1.7148 .. 1.6698,13.17,3826.6553
7,0.84,13.2793,1.98,472.37,Compound,None,,,,7,0.8491 .. 0.8417,1.01,370.603,,7,0.85,17.6045,2.09,661.76,Compound,None,,,,7,0.8491 .. 0.8417,1.01,503.0105,,7,0.84,15.3921,1.96,542.06,Compound,None,,,,7,0.8491 .. 0.8417,0.93,432.6635,,7,0.84,11.3289,2.02,410.11,Compound,None,,,,7,0.8491 .. 0.8417,0.99,317.6395,,7,0.84,9.8898,1.95,346.41,Compound,None,,,,7,0.8491 .. 0.8417,0.94,274.0507
conc (um),9.5625,time(s),1.75,irrad (t/f),TRUE,,,,,,,,,,conc (um),13.5,time(s),1.75,irrad (t/f),TRUE,,,,,,,,,,conc (um),11.25,time(s),1.75,irrad (t/f),TRUE,,,,,,,,,,conc (um),8.128,time(s),1.75,irrad (t/f),TRUE,,,,,,,,,,conc (um),6.9,time(s),1.75,irrad (t/f),TRUE,,,,,,,,
,ppm,Intensity,Width,Area,Type,Flags,Impurity/Compound,Annotation,,,Range,Normalized,Absolute,,,ppm,Intensity,Width,Area,Type,Flags,Impurity/Compound,Annotation,,,Range,Normalized,Absolute,,,ppm,Intensity,Width,Area,Type,Flags,Impurity/Compound,Annotation,,,Range,Normalized,Absolute,,,ppm,Intensity,Width,Area,Type,Flags,Impurity/Compound,Annotation,,,Range,Normalized,Absolute,,,ppm,Intensity,Width,Area,Type,Flags,Impurity/Compound,Annotation,,,Range,Normalized,Absolute
1,4.21,1.7124,23.02,707.55,Compound,None,,,,1,4.3199 .. 4.1667,2.16,760.8093,,1,4.21,2.1316,22.53,862.37,Compound,None,,,,1,4.3199 .. 4.1667,2.18,941.7224,,1,4.2,1.9337,18.2,631.8,Compound,None,,,,1,4.3199 .. 4.1667,2.09,955.3164,,1,4.21,1.477,22.85,605.99,Compound,None,,,,1,4.3199 .. 4.1667,2.14,652.0912,,1,4.21,1.3626,3.24,79.19,Compound,None,,,,1,4.3199 .. 4.1667,2.17,607.6678
2,4.13,1.5639,22.07,619.61,Compound,None,,,,2,4.1667 .. 4.0025,1.99,701.7075,,2,4.13,1.9854,28.09,1001.43,Compound,None,,,,2,4.1667 .. 4.0025,1.85,796.4335,,2,4.13,1.8258,23.45,768.61,Compound,None,,,,2,4.1667 .. 4.0025,1.85,845.3462,,2,4.13,1.3367,8.49,203.67,Compound,None,,,,2,4.1667 .. 4.0025,1.95,593.0925,,2,4.12,1.2367,2.8,62.16,Compound,None,,,,2,4.1667 .. 4.0025,2.09,584.9601
3,3.51,6.9266,26.62,3310.15,Compound,None,,,,3,3.5985 .. 3.4369,8.05,2841.1035,,3,3.51,8.5549,26.66,4093.97,Compound,None,,,,3,3.5985 .. 3.4369,8.18,3524.61,,3,3.51,7.7069,26.87,3717.73,Compound,None,,,,3,3.5985 .. 3.4369,7.08,3239.3042,,3,3.51,6.029,26.6,2879.64,Compound,None,,,,3,3.5985 .. 3.4369,7.93,2411.2128,,3,3.51,5.4881,26.77,2637.81,Compound,None,,,,3,3.5985 .. 3.4369,8.17,2284.4856
4,3.19,8.4466,26.53,4022.47,Compound,None,,,,4,3.2205 .. 3.1641,6.86,2423.0796,,4,3.19,10.3996,27.51,5135.92,Compound,None,,,,4,3.2205 .. 3.1641,7.03,3028.5061,,4,3.19,9.3128,27.03,4519.51,Compound,None,,,,4,3.2205 .. 3.1641,5.91,2700.589,,4,3.19,7.3739,26.02,3444.78,Compound,None,,,,4,3.2205 .. 3.1641,6.92,2103.3159,,4,3.19,6.711,25.96,3127.29,Compound,None,,,,4,3.2205 .. 3.1641,6.84,1911.9734
5,3.01,3.9142,30.85,2167.77,Compound,None,,,,5,3.0701 .. 2.9498,4.97,1755.7669,,5,3.01,4.7742,30.29,2596.55,Compound,None,,,,5,3.0701 .. 2.9498,4.92,2119.3352,,5,3.01,4.2695,30.65,2349.78,Compound,None,,,,5,3.0701 .. 2.9498,4.17,1908.6775,,5,3.01,3.43,30.87,1900.8,Compound,None,,,,5,3.0701 .. 2.9498,5.06,1537.754,,5,3.01,3.1373,30.85,1737.72,Compound,None,,,,5,3.0701 .. 2.9498,5.04,1408.7503
6,1.69,44.5946,4.12,3294.99,Compound,None,,,,6,1.7148 .. 1.6698,9.06,3196.5402,,6,1.69,55.4918,4.33,4315.53,Compound,None,,,,6,1.7148 .. 1.6698,9.85,4244.4432,,6,1.69,49.2381,4.24,3745.86,Compound,None,,,,6,1.7148 .. 1.6698,8.08,3693.4961,,6,1.69,38.9246,4.1,2862.9,Compound,None,,,,6,1.7148 .. 1.6698,9.09,2766.1445,,6,1.69,35.2925,4,2533.24,Compound,None,,,,6,1.7148 .. 1.6698,8.81,2462.809
7,0.84,11.5057,1.98,409.68,Compound,None,,,,7,0.8491 .. 0.8417,0.91,322.4109,,7,0.84,15.1641,2.04,554.39,Compound,None,,,,7,0.8491 .. 0.8417,1,429.7516,,7,0.84,13.1721,1.99,470.02,Compound,None,,,,7,0.8491 .. 0.8417,0.82,375.6119,,7,0.84,9.9102,2,356.05,Compound,None,,,,7,0.8491 .. 0.8417,0.91,277.3013,,7,0.84,8.7551,1.96,307.36,Compound,None,,,,7,0.8491 .. 0.8417,0.87,243.7083
conc (um),9.5625,time(s),1.75,irrad (t/f),FALSE,,,,,,,,,,conc (um),13.5,time(s),1.75,irrad (t/f),FALSE,,,,,,,,,,conc (um),11.25,time(s),1.75,irrad (t/f),FALSE,,,,,,,,,,conc (um),8.128,time(s),1.75,irrad (t/f),FALSE,,,,,,,,,,conc (um),6.9,time(s),1.75,irrad (t/f),FALSE,,,,,,,,
,ppm,Intensity,Width,Area,Type,Flags,Impurity/Compound,Annotation,,,Range,Normalized,Absolute,,,ppm,Intensity,Width,Area,Type,Flags,Impurity/Compound,Annotation,,,Range,Normalized,Absolute,,,ppm,Intensity,Width,Area,Type,Flags,Impurity/Compound,Annotation,,,Range,Normalized,Absolute,,,ppm,Intensity,Width,Area,Type,Flags,Impurity/Compound,Annotation,,,Range,Normalized,Absolute,,,ppm,Intensity,Width,Area,Type,Flags,Impurity/Compound,Annotation,,,Range,Normalized,Absolute
1,4.21,2.2636,26.57,1079.76,Compound,None,,,,1,4.3199 .. 4.1667,2.97,1099.7476,,1,4.21,3.1413,29.82,1681.89,Compound,None,,,,1,4.3199 .. 4.1667,3.08,1718.5032,,1,4.2,2.6595,14.26,680.95,Compound,None,,,,1,4.3199 .. 4.1667,3.29,1439.137,,1,4.21,1.995,1.66,59.54,Compound,None,,,,1,4.3199 .. 4.1667,2.98,966.3326,,1,4.21,1.7762,1.49,47.43,Compound,None,,,,1,4.3199 .. 4.1667,3.18,857.1736
2,4.13,2.0506,25.14,925.39,Compound,None,,,,2,4.1667 .. 4.0025,2.67,989.358,,2,4.13,2.9123,17.24,901.21,Compound,None,,,,2,4.1667 .. 4.0025,2.81,1569.2499,,2,4.13,2.4597,29.49,1302.35,Compound,None,,,,2,4.1667 .. 4.0025,2.94,1286.2032,,2,4.13,1.8176,11.37,371.17,Compound,None,,,,2,4.1667 .. 4.0025,2.68,868.605,,2,4.12,1.6404,23.78,700.23,Compound,None,,,,2,4.1667 .. 4.0025,2.99,804.4251
3,3.51,10.7187,27.24,5242.39,Compound,None,,,,3,3.5985 .. 3.4369,12.05,4457.5156,,3,3.51,13.848,28.02,6966.79,Compound,None,,,,3,3.5985 .. 3.4369,10.98,6120.9613,,3,3.51,12.2738,27.65,6092.77,Compound,None,,,,3,3.5985 .. 3.4369,12.09,5283.9032,,3,3.51,9.441,27.13,4598.39,Compound,None,,,,3,3.5985 .. 3.4369,11.86,3849.9867,,3,3.51,8.3377,27.06,4050.6,Compound,None,,,,3,3.5985 .. 3.4369,12.81,3450.8148
4,3.19,12.9291,27.91,6479.08,Compound,None,,,,4,3.2205 .. 3.1641,10.26,3794.8609,,4,3.19,16.4793,30.73,9092.77,Compound,None,,,,4,3.2205 .. 3.1641,8.93,4980.8123,,4,3.19,14.6306,28.84,7575.98,Compound,None,,,,4,3.2205 .. 3.1641,9.98,4359.727,,4,3.19,11.4426,27.3,5608.97,Compound,None,,,,4,3.2205 .. 3.1641,10.27,3332.7998,,4,3.19,10.1104,26.83,4869.91,Compound,None,,,,4,3.2205 .. 3.1641,10.87,2928.0893
5,3.01,5.5963,33.24,3340.11,Compound,None,,,,5,3.0701 .. 2.9498,7.24,2677.4718,,5,3.01,6.9617,34.17,4270.24,Compound,None,,,,5,3.0701 .. 2.9498,6.13,3421.4802,,5,3.01,6.2024,33.75,3757.88,Compound,None,,,,5,3.0701 .. 2.9498,6.87,3003.3544,,5,3.01,4.9904,33.18,2972.93,Compound,None,,,,5,3.0701 .. 2.9498,7.34,2381.5867,,5,3.01,4.4744,32.99,2650.45,Compound,None,,,,5,3.0701 .. 2.9498,7.87,2120.0169
6,1.69,66.5525,4.43,5292.47,Compound,None,,,,6,1.7148 .. 1.6698,13.82,5112.1764,,6,1.69,83.4994,4.69,7034,Compound,None,,,,6,1.7148 .. 1.6698,12.16,6783.2194,,6,1.69,75.5422,4.57,6191.83,Compound,None,,,,6,1.7148 .. 1.6698,13.82,6039.0474,,6,1.69,59.2679,4.39,4670.33,Compound,None,,,,6,1.7148 .. 1.6698,13.9,4510.667,,6,1.69,52.0757,4.24,3967.42,Compound,None,,,,6,1.7148 .. 1.6698,14.27,3845.6276
7,0.84,13.1448,2.01,475.49,Compound,None,,,,7,0.8491 .. 0.8417,1,370.8835,,7,0.85,17.5814,2.1,661.64,Compound,None,,,,7,0.8491 .. 0.8417,0.9,502.3494,,7,0.84,15.3608,1.99,547.89,Compound,None,,,,7,0.8491 .. 0.8417,1,437.5246,,7,0.84,11.3382,2.02,410.84,Compound,None,,,,7,0.8491 .. 0.8417,0.98,319.0433,,7,0.84,9.9089,1.95,346.87,Compound,None,,,,7,0.8491 .. 0.8417,1.02,274.4556